"statistikkvariabel"	"aktivitet"	"kjønn"	"alder"	"1970"	"1980"	"1990"	"2000"	"2010"	"2022"
"Tid brukt, blant alle (timer og minutter)"	"_A I alt"	"Begge kjønn"	"16-74 år"	24.00	24.00	24.00	24.00	24.00	24.00
"Tid brukt, blant alle (timer og minutter)"	"_A I alt"	"Begge kjønn"	"16-24 år"	24.00	24.00	24.00	24.00	24.00	24.00
"Tid brukt, blant alle (timer og minutter)"	"_A I alt"	"Begge kjønn"	"25-44 år"	24.00	24.00	24.00	24.00	24.00	24.00
"Tid brukt, blant alle (timer og minutter)"	"_A I alt"	"Begge kjønn"	"45-66 år"	24.00	24.00	24.00	24.00	24.00	24.00
"Tid brukt, blant alle (timer og minutter)"	"_A I alt"	"Begge kjønn"	"67-74 år"	24.00	24.00	24.00	24.00	24.00	24.00
"Tid brukt, blant alle (timer og minutter)"	"_A I alt"	"Kvinner"	"16-74 år"	24.00	24.00	24.00	24.00	24.00	24.00
"Tid brukt, blant alle (timer og minutter)"	"_A I alt"	"Kvinner"	"16-24 år"	24.00	24.00	24.00	24.00	24.00	24.00
"Tid brukt, blant alle (timer og minutter)"	"_A I alt"	"Kvinner"	"25-44 år"	24.00	24.00	24.00	24.00	24.00	24.00
"Tid brukt, blant alle (timer og minutter)"	"_A I alt"	"Kvinner"	"45-66 år"	24.00	24.00	24.00	24.00	24.00	24.00
"Tid brukt, blant alle (timer og minutter)"	"_A I alt"	"Kvinner"	"67-74 år"	24.00	24.00	24.00	24.00	24.00	24.00
"Tid brukt, blant alle (timer og minutter)"	"_A I alt"	"Menn"	"16-74 år"	24.00	24.00	24.00	24.00	24.00	24.00
"Tid brukt, blant alle (timer og minutter)"	"_A I alt"	"Menn"	"16-24 år"	24.00	24.00	24.00	24.00	24.00	24.00
"Tid brukt, blant alle (timer og minutter)"	"_A I alt"	"Menn"	"25-44 år"	24.00	24.00	24.00	24.00	24.00	24.00
"Tid brukt, blant alle (timer og minutter)"	"_A I alt"	"Menn"	"45-66 år"	24.00	24.00	24.00	24.00	24.00	24.00
"Tid brukt, blant alle (timer og minutter)"	"_A I alt"	"Menn"	"67-74 år"	24.00	24.00	24.00	24.00	24.00	24.00
"Tid brukt, blant alle (timer og minutter)"	"1 Inntektsgivende arbeid, arbeidsreiser mv."	"Begge kjønn"	"16-74 år"	3.38	3.29	3.37	3.47	3.36	3.36
"Tid brukt, blant alle (timer og minutter)"	"1 Inntektsgivende arbeid, arbeidsreiser mv."	"Begge kjønn"	"16-24 år"	3.36	2.30	2.58	3.04	1.59	1.59
"Tid brukt, blant alle (timer og minutter)"	"1 Inntektsgivende arbeid, arbeidsreiser mv."	"Begge kjønn"	"25-44 år"	3.47	4.07	4.09	4.39	4.27	4.27
"Tid brukt, blant alle (timer og minutter)"	"1 Inntektsgivende arbeid, arbeidsreiser mv."	"Begge kjønn"	"45-66 år"	3.53	3.52	4.01	3.51	4.08	4.16
"Tid brukt, blant alle (timer og minutter)"	"1 Inntektsgivende arbeid, arbeidsreiser mv."	"Begge kjønn"	"67-74 år"	1.49	1.05	0.46	0.29	0.27	1.01
"Tid brukt, blant alle (timer og minutter)"	"1 Inntektsgivende arbeid, arbeidsreiser mv."	"Kvinner"	"16-74 år"	1.56	2.23	2.48	2.59	3.01	3.01
"Tid brukt, blant alle (timer og minutter)"	"1 Inntektsgivende arbeid, arbeidsreiser mv."	"Kvinner"	"16-24 år"	2.30	2.10	2.38	2.30	1.45	1.39
"Tid brukt, blant alle (timer og minutter)"	"1 Inntektsgivende arbeid, arbeidsreiser mv."	"Kvinner"	"25-44 år"	1.53	2.39	3.11	3.39	3.40	3.53
"Tid brukt, blant alle (timer og minutter)"	"1 Inntektsgivende arbeid, arbeidsreiser mv."	"Kvinner"	"45-66 år"	2.02	2.37	2.58	3.09	3.36	3.37
"Tid brukt, blant alle (timer og minutter)"	"1 Inntektsgivende arbeid, arbeidsreiser mv."	"Kvinner"	"67-74 år"	0.43	0.26	0.28	0.13	0.80	0.21
"Tid brukt, blant alle (timer og minutter)"	"1 Inntektsgivende arbeid, arbeidsreiser mv."	"Menn"	"16-74 år"	5.29	4.40	4.30	4.34	4.10	4.11
"Tid brukt, blant alle (timer og minutter)"	"1 Inntektsgivende arbeid, arbeidsreiser mv."	"Menn"	"16-24 år"	4.35	2.52	3.22	3.36	2.12	2.17
"Tid brukt, blant alle (timer og minutter)"	"1 Inntektsgivende arbeid, arbeidsreiser mv."	"Menn"	"25-44 år"	6.03	5.39	5.19	5.37	5.12	5.01
"Tid brukt, blant alle (timer og minutter)"	"1 Inntektsgivende arbeid, arbeidsreiser mv."	"Menn"	"45-66 år"	5.51	5.17	5.01	4.33	4.38	4.52
"Tid brukt, blant alle (timer og minutter)"	"1 Inntektsgivende arbeid, arbeidsreiser mv."	"Menn"	"67-74 år"	3.03	1.44	1.03	0.47	0.48	1.45
"Tid brukt, blant alle (timer og minutter)"	"2 Husholdsarbeid"	"Begge kjønn"	"16-74 år"	4.09	3.39	3.31	3.18	3.25	3.08
"Tid brukt, blant alle (timer og minutter)"	"2 Husholdsarbeid"	"Begge kjønn"	"16-24 år"	2.27	2.09	2.10	1.55	1.42	1.17
"Tid brukt, blant alle (timer og minutter)"	"2 Husholdsarbeid"	"Begge kjønn"	"25-44 år"	4.47	4.06	3.59	3.34	3.54	3.32
"Tid brukt, blant alle (timer og minutter)"	"2 Husholdsarbeid"	"Begge kjønn"	"45-66 år"	4.15	3.53	3.31	3.25	3.25	3.12
"Tid brukt, blant alle (timer og minutter)"	"2 Husholdsarbeid"	"Begge kjønn"	"67-74 år"	4.09	4.16	4.14	4.10	4.22	3.57
"Tid brukt, blant alle (timer og minutter)"	"2 Husholdsarbeid"	"Kvinner"	"16-74 år"	5.55	4.46	4.22	3.56	3.50	3.30
"Tid brukt, blant alle (timer og minutter)"	"2 Husholdsarbeid"	"Kvinner"	"16-24 år"	3.31	2.41	2.36	2.24	2.02	1.37
"Tid brukt, blant alle (timer og minutter)"	"2 Husholdsarbeid"	"Kvinner"	"25-44 år"	6.48	5.30	5.00	4.21	4.28	4.00
"Tid brukt, blant alle (timer og minutter)"	"2 Husholdsarbeid"	"Kvinner"	"45-66 år"	6.03	5.03	4.22	3.57	3.47	3.30
"Tid brukt, blant alle (timer og minutter)"	"2 Husholdsarbeid"	"Kvinner"	"67-74 år"	5.34	5.12	4.52	4.32	4.32	4.07
"Tid brukt, blant alle (timer og minutter)"	"2 Husholdsarbeid"	"Menn"	"16-74 år"	2.13	2.26	2.36	2.41	3.00	2.46
"Tid brukt, blant alle (timer og minutter)"	"2 Husholdsarbeid"	"Menn"	"16-24 år"	1.29	1.35	1.40	1.27	1.23	1.00
"Tid brukt, blant alle (timer og minutter)"	"2 Husholdsarbeid"	"Menn"	"25-44 år"	2.22	2.37	2.44	2.48	3.22	3.04
"Tid brukt, blant alle (timer og minutter)"	"2 Husholdsarbeid"	"Menn"	"45-66 år"	2.20	2.33	2.42	2.53	3.04	2.55
"Tid brukt, blant alle (timer og minutter)"	"2 Husholdsarbeid"	"Menn"	"67-74 år"	2.33	3.18	3.36	3.44	4.10	3.46
"Tid brukt, blant alle (timer og minutter)"	"3 Utdanning"	"Begge kjønn"	"16-74 år"	0.20	0.31	0.31	0.25	0.28	0.29
"Tid brukt, blant alle (timer og minutter)"	"3 Utdanning"	"Begge kjønn"	"16-24 år"	1.36	2.06	1.51	1.44	2.16	2.41
"Tid brukt, blant alle (timer og minutter)"	"3 Utdanning"	"Begge kjønn"	"25-44 år"	0.11	0.11	0.18	0.18	0.14	0.13
"Tid brukt, blant alle (timer og minutter)"	"3 Utdanning"	"Begge kjønn"	"45-66 år"	0.02	0.03	0.07	0.03	0.02	0.03
"Tid brukt, blant alle (timer og minutter)"	"3 Utdanning"	"Begge kjønn"	"67-74 år"	0.00	0.01	0.00	0.00	0.00	0.00
"Tid brukt, blant alle (timer og minutter)"	"3 Utdanning"	"Kvinner"	"16-74 år"	0.17	0.31	0.33	0.27	0.28	0.31
"Tid brukt, blant alle (timer og minutter)"	"3 Utdanning"	"Kvinner"	"16-24 år"	1.41	2.09	1.58	1.52	2.19	2.49
"Tid brukt, blant alle (timer og minutter)"	"3 Utdanning"	"Kvinner"	"25-44 år"	0.05	0.11	0.17	0.20	0.12	0.15
"Tid brukt, blant alle (timer og minutter)"	"3 Utdanning"	"Kvinner"	"45-66 år"	0.01	0.04	0.08	0.04	0.04	0.06
"Tid brukt, blant alle (timer og minutter)"	"3 Utdanning"	"Kvinner"	"67-74 år"	0.00	0.00	0.00	0.00	0.00	0.01
"Tid brukt, blant alle (timer og minutter)"	"3 Utdanning"	"Menn"	"16-74 år"	0.23	0.30	0.29	0.22	0.27	0.27
"Tid brukt, blant alle (timer og minutter)"	"3 Utdanning"	"Menn"	"16-24 år"	1.32	2.02	1.43	1.36	2.14	2.33
"Tid brukt, blant alle (timer og minutter)"	"3 Utdanning"	"Menn"	"25-44 år"	0.17	0.11	0.18	0.15	0.15	0.10
"Tid brukt, blant alle (timer og minutter)"	"3 Utdanning"	"Menn"	"45-66 år"	0.03	0.02	0.06	0.03	0.00	0.01
"Tid brukt, blant alle (timer og minutter)"	"3 Utdanning"	"Menn"	"67-74 år"	0.00	0.01	0.00	0.01	0.00	0.00
"Tid brukt, blant alle (timer og minutter)"	"4 Personlige behov"	"Begge kjønn"	"16-74 år"	10.28	10.15	10.04	9.58	10.12	10.25
"Tid brukt, blant alle (timer og minutter)"	"4 Personlige behov"	"Begge kjønn"	"16-24 år"	10.21	10.19	10.08	10.12	10.46	11.10
"Tid brukt, blant alle (timer og minutter)"	"4 Personlige behov"	"Begge kjønn"	"25-44 år"	10.12	9.59	9.50	9.40	9.56	10.11
"Tid brukt, blant alle (timer og minutter)"	"4 Personlige behov"	"Begge kjønn"	"45-66 år"	10.32	10.16	10.07	10.00	10.04	10.11
"Tid brukt, blant alle (timer og minutter)"	"4 Personlige behov"	"Begge kjønn"	"67-74 år"	11.39	11.22	10.59	10.59	10.49	10.59
"Tid brukt, blant alle (timer og minutter)"	"4 Personlige behov"	"Kvinner"	"16-74 år"	10.36	10.19	10.10	10.11	10.24	10.44
"Tid brukt, blant alle (timer og minutter)"	"4 Personlige behov"	"Kvinner"	"16-24 år"	10.36	10.21	10.13	10.24	11.05	11.32
"Tid brukt, blant alle (timer og minutter)"	"4 Personlige behov"	"Kvinner"	"25-44 år"	10.23	10.06	9.59	9.53	10.11	10.36
"Tid brukt, blant alle (timer og minutter)"	"4 Personlige behov"	"Kvinner"	"45-66 år"	10.37	10.20	10.16	10.13	10.13	10.24
"Tid brukt, blant alle (timer og minutter)"	"4 Personlige behov"	"Kvinner"	"67-74 år"	11.38	11.13	10.43	11.08	10.59	11.11
"Tid brukt, blant alle (timer og minutter)"	"4 Personlige behov"	"Menn"	"16-74 år"	10.19	10.11	9.58	9.46	9.59	10.08
"Tid brukt, blant alle (timer og minutter)"	"4 Personlige behov"	"Menn"	"16-24 år"	10.08	10.17	10.03	10.00	10.28	10.51
"Tid brukt, blant alle (timer og minutter)"	"4 Personlige behov"	"Menn"	"25-44 år"	9.58	9.51	9.39	9.29	9.43	9.47
"Tid brukt, blant alle (timer og minutter)"	"4 Personlige behov"	"Menn"	"45-66 år"	10.26	10.12	9.59	9.47	9.55	9.58
"Tid brukt, blant alle (timer og minutter)"	"4 Personlige behov"	"Menn"	"67-74 år"	11.40	11.31	11.14	10.48	10.39	10.47
"Tid brukt, blant alle (timer og minutter)"	"5 Fritid"	"Begge kjønn"	"16-74 år"	5.10	6.02	6.11	6.24	6.15	6.11
"Tid brukt, blant alle (timer og minutter)"	"5 Fritid"	"Begge kjønn"	"16-24 år"	5.48	6.50	6.48	6.58	7.12	6.45
"Tid brukt, blant alle (timer og minutter)"	"5 Fritid"	"Begge kjønn"	"25-44 år"	4.55	5.33	5.39	5.42	5.24	5.28
"Tid brukt, blant alle (timer og minutter)"	"5 Fritid"	"Begge kjønn"	"45-66 år"	4.59	5.51	6.08	6.34	6.16	6.08
"Tid brukt, blant alle (timer og minutter)"	"5 Fritid"	"Begge kjønn"	"67-74 år"	5.55	7.13	7.47	8.14	8.11	7.47
"Tid brukt, blant alle (timer og minutter)"	"5 Fritid"	"Kvinner"	"16-74 år"	4.59	5.56	6.01	6.20	6.11	6.06
"Tid brukt, blant alle (timer og minutter)"	"5 Fritid"	"Kvinner"	"16-24 år"	5.35	6.34	6.30	6.44	6.47	6.16
"Tid brukt, blant alle (timer og minutter)"	"5 Fritid"	"Kvinner"	"25-44 år"	4.40	5.29	5.26	5.41	5.26	5.09
"Tid brukt, blant alle (timer og minutter)"	"5 Fritid"	"Kvinner"	"45-66 år"	4.56	5.51	6.12	6.30	6.14	6.16
"Tid brukt, blant alle (timer og minutter)"	"5 Fritid"	"Kvinner"	"67-74 år"	5.37	7.07	7.39	8.00	8.07	8.04
"Tid brukt, blant alle (timer og minutter)"	"5 Fritid"	"Menn"	"16-74 år"	5.21	6.08	6.21	6.28	6.18	6.17
"Tid brukt, blant alle (timer og minutter)"	"5 Fritid"	"Menn"	"16-24 år"	6.00	7.07	7.07	7.12	7.36	7.11
"Tid brukt, blant alle (timer og minutter)"	"5 Fritid"	"Menn"	"25-44 år"	5.12	5.37	5.54	5.42	5.23	5.48
"Tid brukt, blant alle (timer og minutter)"	"5 Fritid"	"Menn"	"45-66 år"	5.01	5.51	6.04	6.37	6.17	6.02
"Tid brukt, blant alle (timer og minutter)"	"5 Fritid"	"Menn"	"67-74 år"	6.14	7.21	7.56	8.31	8.16	7.28
"Tid brukt, blant alle (timer og minutter)"	"9 Annet, uoppgitt"	"Begge kjønn"	"16-74 år"	0.15	0.05	0.06	0.08	0.05	0.10
"Tid brukt, blant alle (timer og minutter)"	"9 Annet, uoppgitt"	"Begge kjønn"	"16-24 år"	0.11	0.06	0.05	0.08	0.06	0.08
"Tid brukt, blant alle (timer og minutter)"	"9 Annet, uoppgitt"	"Begge kjønn"	"25-44 år"	0.09	0.04	0.06	0.07	0.04	0.09
"Tid brukt, blant alle (timer og minutter)"	"9 Annet, uoppgitt"	"Begge kjønn"	"45-66 år"	0.20	0.05	0.05	0.08	0.05	0.10
"Tid brukt, blant alle (timer og minutter)"	"9 Annet, uoppgitt"	"Begge kjønn"	"67-74 år"	0.29	0.04	0.14	0.08	0.11	0.15
"Tid brukt, blant alle (timer og minutter)"	"9 Annet, uoppgitt"	"Kvinner"	"16-74 år"	0.15	0.04	0.06	0.07	0.05	0.09
"Tid brukt, blant alle (timer og minutter)"	"9 Annet, uoppgitt"	"Kvinner"	"16-24 år"	0.07	0.04	0.04	0.06	0.03	0.07
"Tid brukt, blant alle (timer og minutter)"	"9 Annet, uoppgitt"	"Kvinner"	"25-44 år"	0.10	0.04	0.07	0.06	0.04	0.07
"Tid brukt, blant alle (timer og minutter)"	"9 Annet, uoppgitt"	"Kvinner"	"45-66 år"	0.21	0.05	0.05	0.08	0.05	0.08
"Tid brukt, blant alle (timer og minutter)"	"9 Annet, uoppgitt"	"Kvinner"	"67-74 år"	0.27	0.02	0.17	0.08	0.14	0.16
"Tid brukt, blant alle (timer og minutter)"	"9 Annet, uoppgitt"	"Menn"	"16-74 år"	0.15	0.05	0.06	0.08	0.06	0.11
"Tid brukt, blant alle (timer og minutter)"	"9 Annet, uoppgitt"	"Menn"	"16-24 år"	0.16	0.07	0.05	0.09	0.08	0.09
"Tid brukt, blant alle (timer og minutter)"	"9 Annet, uoppgitt"	"Menn"	"25-44 år"	0.08	0.04	0.05	0.08	0.05	0.10
"Tid brukt, blant alle (timer og minutter)"	"9 Annet, uoppgitt"	"Menn"	"45-66 år"	0.19	0.05	0.06	0.08	0.05	0.12
"Tid brukt, blant alle (timer og minutter)"	"9 Annet, uoppgitt"	"Menn"	"67-74 år"	0.30	0.06	0.11	0.09	0.07	0.14
"Tid brukt, blant de som utførte aktiviteten (timer og minutter)"	"_A I alt"	"Begge kjønn"	"16-74 år"	..	..	..	..	..	..
"Tid brukt, blant de som utførte aktiviteten (timer og minutter)"	"_A I alt"	"Begge kjønn"	"16-24 år"	..	..	..	..	..	..
"Tid brukt, blant de som utførte aktiviteten (timer og minutter)"	"_A I alt"	"Begge kjønn"	"25-44 år"	..	..	..	..	..	..
"Tid brukt, blant de som utførte aktiviteten (timer og minutter)"	"_A I alt"	"Begge kjønn"	"45-66 år"	..	..	..	..	..	..
"Tid brukt, blant de som utførte aktiviteten (timer og minutter)"	"_A I alt"	"Begge kjønn"	"67-74 år"	..	..	..	..	..	..
"Tid brukt, blant de som utførte aktiviteten (timer og minutter)"	"_A I alt"	"Kvinner"	"16-74 år"	..	..	..	..	..	..
"Tid brukt, blant de som utførte aktiviteten (timer og minutter)"	"_A I alt"	"Kvinner"	"16-24 år"	..	..	..	..	..	..
"Tid brukt, blant de som utførte aktiviteten (timer og minutter)"	"_A I alt"	"Kvinner"	"25-44 år"	..	..	..	..	..	..
"Tid brukt, blant de som utførte aktiviteten (timer og minutter)"	"_A I alt"	"Kvinner"	"45-66 år"	..	..	..	..	..	..
"Tid brukt, blant de som utførte aktiviteten (timer og minutter)"	"_A I alt"	"Kvinner"	"67-74 år"	..	..	..	..	..	..
"Tid brukt, blant de som utførte aktiviteten (timer og minutter)"	"_A I alt"	"Menn"	"16-74 år"	..	..	..	..	..	..
"Tid brukt, blant de som utførte aktiviteten (timer og minutter)"	"_A I alt"	"Menn"	"16-24 år"	..	..	..	..	..	..
"Tid brukt, blant de som utførte aktiviteten (timer og minutter)"	"_A I alt"	"Menn"	"25-44 år"	..	..	..	..	..	..
"Tid brukt, blant de som utførte aktiviteten (timer og minutter)"	"_A I alt"	"Menn"	"45-66 år"	..	..	..	..	..	..
"Tid brukt, blant de som utførte aktiviteten (timer og minutter)"	"_A I alt"	"Menn"	"67-74 år"	..	..	..	..	..	..
"Tid brukt, blant de som utførte aktiviteten (timer og minutter)"	"1 Inntektsgivende arbeid, arbeidsreiser mv."	"Begge kjønn"	"16-74 år"	7.37	7.38	7.47	8.10	8.15	7.27
"Tid brukt, blant de som utførte aktiviteten (timer og minutter)"	"1 Inntektsgivende arbeid, arbeidsreiser mv."	"Begge kjønn"	"16-24 år"	8.23	6.56	7.39	7.58	7.44	6.34
"Tid brukt, blant de som utførte aktiviteten (timer og minutter)"	"1 Inntektsgivende arbeid, arbeidsreiser mv."	"Begge kjønn"	"25-44 år"	7.50	7.54	7.44	8.21	8.22	7.42
"Tid brukt, blant de som utførte aktiviteten (timer og minutter)"	"1 Inntektsgivende arbeid, arbeidsreiser mv."	"Begge kjønn"	"45-66 år"	7.25	7.39	8.03	8.06	8.18	7.44
"Tid brukt, blant de som utførte aktiviteten (timer og minutter)"	"1 Inntektsgivende arbeid, arbeidsreiser mv."	"Begge kjønn"	"67-74 år"	5.47	6.43	6.07	5.40	6.31	4.47
"Tid brukt, blant de som utførte aktiviteten (timer og minutter)"	"1 Inntektsgivende arbeid, arbeidsreiser mv."	"Kvinner"	"16-74 år"	5.59	6.31	7.03	7.32	7.48	6.57
"Tid brukt, blant de som utførte aktiviteten (timer og minutter)"	"1 Inntektsgivende arbeid, arbeidsreiser mv."	"Kvinner"	"16-24 år"	7.46	6.28	7.15	7.16	7.18	6.38
"Tid brukt, blant de som utførte aktiviteten (timer og minutter)"	"1 Inntektsgivende arbeid, arbeidsreiser mv."	"Kvinner"	"25-44 år"	6.06	6.38	6.55	7.31	7.51	7.12
"Tid brukt, blant de som utførte aktiviteten (timer og minutter)"	"1 Inntektsgivende arbeid, arbeidsreiser mv."	"Kvinner"	"45-66 år"	5.33	6.27	7.13	7.40	7.52	7.13
"Tid brukt, blant de som utførte aktiviteten (timer og minutter)"	"1 Inntektsgivende arbeid, arbeidsreiser mv."	"Kvinner"	"67-74 år"	3.37	..	..	..	6.11	2.25
"Tid brukt, blant de som utførte aktiviteten (timer og minutter)"	"1 Inntektsgivende arbeid, arbeidsreiser mv."	"Menn"	"16-74 år"	8.31	8.26	8.23	8.39	8.37	7.51
"Tid brukt, blant de som utførte aktiviteten (timer og minutter)"	"1 Inntektsgivende arbeid, arbeidsreiser mv."	"Menn"	"16-24 år"	8.44	7.23	8.02	8.32	8.07	6.31
"Tid brukt, blant de som utførte aktiviteten (timer og minutter)"	"1 Inntektsgivende arbeid, arbeidsreiser mv."	"Menn"	"25-44 år"	8.45	8.44	8.27	8.59	8.44	8.08
"Tid brukt, blant de som utførte aktiviteten (timer og minutter)"	"1 Inntektsgivende arbeid, arbeidsreiser mv."	"Menn"	"45-66 år"	8.27	8.32	8.37	8.24	8.40	8.09
"Tid brukt, blant de som utførte aktiviteten (timer og minutter)"	"1 Inntektsgivende arbeid, arbeidsreiser mv."	"Menn"	"67-74 år"	6.53	7.21	6.02	5.25	6.35	6.06
"Tid brukt, blant de som utførte aktiviteten (timer og minutter)"	"2 Husholdsarbeid"	"Begge kjønn"	"16-74 år"	4.40	4.00	3.47	3.29	3.38	3.41
"Tid brukt, blant de som utførte aktiviteten (timer og minutter)"	"2 Husholdsarbeid"	"Begge kjønn"	"16-24 år"	3.05	2.32	2.31	2.12	2.03	2.02
"Tid brukt, blant de som utførte aktiviteten (timer og minutter)"	"2 Husholdsarbeid"	"Begge kjønn"	"25-44 år"	5.12	4.23	4.10	3.42	4.06	3.58
"Tid brukt, blant de som utførte aktiviteten (timer og minutter)"	"2 Husholdsarbeid"	"Begge kjønn"	"45-66 år"	4.44	4.13	3.46	3.32	3.33	3.39
"Tid brukt, blant de som utførte aktiviteten (timer og minutter)"	"2 Husholdsarbeid"	"Begge kjønn"	"67-74 år"	4.47	4.30	4.28	4.14	4.27	4.15
"Tid brukt, blant de som utførte aktiviteten (timer og minutter)"	"2 Husholdsarbeid"	"Kvinner"	"16-74 år"	6.05	4.54	4.29	4.01	3.57	3.51
"Tid brukt, blant de som utførte aktiviteten (timer og minutter)"	"2 Husholdsarbeid"	"Kvinner"	"16-24 år"	3.50	2.57	2.51	2.34	2.18	2.11
"Tid brukt, blant de som utførte aktiviteten (timer og minutter)"	"2 Husholdsarbeid"	"Kvinner"	"25-44 år"	6.52	5.33	5.04	4.23	4.32	4.17
"Tid brukt, blant de som utførte aktiviteten (timer og minutter)"	"2 Husholdsarbeid"	"Kvinner"	"45-66 år"	6.10	5.06	4.26	4.01	3.50	3.47
"Tid brukt, blant de som utførte aktiviteten (timer og minutter)"	"2 Husholdsarbeid"	"Kvinner"	"67-74 år"	5.45	5.13	4.56	4.36	4.34	4.15
"Tid brukt, blant de som utførte aktiviteten (timer og minutter)"	"2 Husholdsarbeid"	"Menn"	"16-74 år"	2.48	2.53	2.57	2.55	3.18	3.29
"Tid brukt, blant de som utførte aktiviteten (timer og minutter)"	"2 Husholdsarbeid"	"Menn"	"16-24 år"	2.09	2.02	2.05	1.46	1.46	1.51
"Tid brukt, blant de som utførte aktiviteten (timer og minutter)"	"2 Husholdsarbeid"	"Menn"	"25-44 år"	2.51	2.59	3.00	3.00	3.39	3.37
"Tid brukt, blant de som utførte aktiviteten (timer og minutter)"	"2 Husholdsarbeid"	"Menn"	"45-66 år"	2.53	3.01	3.03	3.03	3.16	3.32
"Tid brukt, blant de som utførte aktiviteten (timer og minutter)"	"2 Husholdsarbeid"	"Menn"	"67-74 år"	3.23	3.41	3.59	3.48	4.18	4.13
"Tid brukt, blant de som utførte aktiviteten (timer og minutter)"	"3 Utdanning"	"Begge kjønn"	"16-74 år"	5.15	5.07	5.21	5.34	5.38	4.07
"Tid brukt, blant de som utførte aktiviteten (timer og minutter)"	"3 Utdanning"	"Begge kjønn"	"16-24 år"	6.14	6.09	6.22	6.19	6.08	5.51
"Tid brukt, blant de som utførte aktiviteten (timer og minutter)"	"3 Utdanning"	"Begge kjønn"	"25-44 år"	4.03	3.32	4.22	5.04	4.47	2.17
"Tid brukt, blant de som utførte aktiviteten (timer og minutter)"	"3 Utdanning"	"Begge kjønn"	"45-66 år"	1.53	1.37	3.09	2.52	2.56	1.19
"Tid brukt, blant de som utførte aktiviteten (timer og minutter)"	"3 Utdanning"	"Begge kjønn"	"67-74 år"	..	..	..	..	..	0.27
"Tid brukt, blant de som utførte aktiviteten (timer og minutter)"	"3 Utdanning"	"Kvinner"	"16-74 år"	5.12	5.01	5.32	5.15	5.27	3.44
"Tid brukt, blant de som utførte aktiviteten (timer og minutter)"	"3 Utdanning"	"Kvinner"	"16-24 år"	6.14	6.05	6.25	6.04	6.06	5.28
"Tid brukt, blant de som utførte aktiviteten (timer og minutter)"	"3 Utdanning"	"Kvinner"	"25-44 år"	2.38	3.33	4.26	4.35	4.22	2.09
"Tid brukt, blant de som utførte aktiviteten (timer og minutter)"	"3 Utdanning"	"Kvinner"	"45-66 år"	..	1.40	3.50	..	3.15	1.33
"Tid brukt, blant de som utførte aktiviteten (timer og minutter)"	"3 Utdanning"	"Kvinner"	"67-74 år"	..	..	..	..	..	0.23
"Tid brukt, blant de som utførte aktiviteten (timer og minutter)"	"3 Utdanning"	"Menn"	"16-74 år"	5.17	5.13	5.09	6.01	5.49	4.40
"Tid brukt, blant de som utførte aktiviteten (timer og minutter)"	"3 Utdanning"	"Menn"	"16-24 år"	6.14	6.14	6.19	6.38	6.10	6.17
"Tid brukt, blant de som utførte aktiviteten (timer og minutter)"	"3 Utdanning"	"Menn"	"25-44 år"	5.03	3.32	4.17	5.51	5.10	2.30
"Tid brukt, blant de som utførte aktiviteten (timer og minutter)"	"3 Utdanning"	"Menn"	"45-66 år"	..	..	2.35	3.02	..	0.52
"Tid brukt, blant de som utførte aktiviteten (timer og minutter)"	"3 Utdanning"	"Menn"	"67-74 år"	..	..	..	..	..	0.34
"Tid brukt, blant de som utførte aktiviteten (timer og minutter)"	"4 Personlige behov"	"Begge kjønn"	"16-74 år"	10.31	10.15	10.05	9.59	10.12	10.26
"Tid brukt, blant de som utførte aktiviteten (timer og minutter)"	"4 Personlige behov"	"Begge kjønn"	"16-24 år"	10.25	10.19	10.09	10.12	10.46	11.10
"Tid brukt, blant de som utførte aktiviteten (timer og minutter)"	"4 Personlige behov"	"Begge kjønn"	"25-44 år"	10.13	9.59	9.51	9.40	9.56	10.13
"Tid brukt, blant de som utførte aktiviteten (timer og minutter)"	"4 Personlige behov"	"Begge kjønn"	"45-66 år"	10.36	10.17	10.08	10.00	10.04	10.11
"Tid brukt, blant de som utførte aktiviteten (timer og minutter)"	"4 Personlige behov"	"Begge kjønn"	"67-74 år"	11.42	11.22	11.03	10.59	10.49	10.59
"Tid brukt, blant de som utførte aktiviteten (timer og minutter)"	"4 Personlige behov"	"Kvinner"	"16-74 år"	10.40	10.19	10.11	10.11	10.24	10.44
"Tid brukt, blant de som utførte aktiviteten (timer og minutter)"	"4 Personlige behov"	"Kvinner"	"16-24 år"	10.40	10.21	10.13	10.24	11.05	11.32
"Tid brukt, blant de som utførte aktiviteten (timer og minutter)"	"4 Personlige behov"	"Kvinner"	"25-44 år"	10.25	10.06	10.00	9.53	10.11	10.36
"Tid brukt, blant de som utførte aktiviteten (timer og minutter)"	"4 Personlige behov"	"Kvinner"	"45-66 år"	10.41	10.21	10.16	10.13	10.13	10.24
"Tid brukt, blant de som utførte aktiviteten (timer og minutter)"	"4 Personlige behov"	"Kvinner"	"67-74 år"	11.38	11.13	10.48	1.08	10.59	11.11
"Tid brukt, blant de som utførte aktiviteten (timer og minutter)"	"4 Personlige behov"	"Menn"	"16-74 år"	10.22	10.11	9.59	9.46	9.59	10.09
"Tid brukt, blant de som utførte aktiviteten (timer og minutter)"	"4 Personlige behov"	"Menn"	"16-24 år"	10.11	10.17	10.04	10.00	10.28	10.51
"Tid brukt, blant de som utførte aktiviteten (timer og minutter)"	"4 Personlige behov"	"Menn"	"25-44 år"	9.59	9.51	9.39	9.29	9.43	9.50
"Tid brukt, blant de som utførte aktiviteten (timer og minutter)"	"4 Personlige behov"	"Menn"	"45-66 år"	10.31	10.12	10.00	9.47	9.55	10.00
"Tid brukt, blant de som utførte aktiviteten (timer og minutter)"	"4 Personlige behov"	"Menn"	"67-74 år"	11.45	11.31	11.17	10.48	10.39	10.47
"Tid brukt, blant de som utførte aktiviteten (timer og minutter)"	"5 Fritid"	"Begge kjønn"	"16-74 år"	5.17	6.05	6.14	6.27	6.17	6.24
"Tid brukt, blant de som utførte aktiviteten (timer og minutter)"	"5 Fritid"	"Begge kjønn"	"16-24 år"	5.57	6.53	6.50	7.05	7.15	6.59
"Tid brukt, blant de som utførte aktiviteten (timer og minutter)"	"5 Fritid"	"Begge kjønn"	"25-44 år"	4.59	5.36	5.43	5.44	5.26	5.46
"Tid brukt, blant de som utførte aktiviteten (timer og minutter)"	"5 Fritid"	"Begge kjønn"	"45-66 år"	5.07	5.54	6.10	6.35	6.18	6.19
"Tid brukt, blant de som utførte aktiviteten (timer og minutter)"	"5 Fritid"	"Begge kjønn"	"67-74 år"	6.03	7.15	7.51	8.14	8.13	7.53
"Tid brukt, blant de som utførte aktiviteten (timer og minutter)"	"5 Fritid"	"Kvinner"	"16-74 år"	5.05	5.58	6.03	6.22	6.12	6.16
"Tid brukt, blant de som utførte aktiviteten (timer og minutter)"	"5 Fritid"	"Kvinner"	"16-24 år"	5.44	6.35	6.32	6.49	6.48	6.29
"Tid brukt, blant de som utførte aktiviteten (timer og minutter)"	"5 Fritid"	"Kvinner"	"25-44 år"	4.44	5.31	5.28	5.42	5.27	5.24
"Tid brukt, blant de som utførte aktiviteten (timer og minutter)"	"5 Fritid"	"Kvinner"	"45-66 år"	5.03	5.52	6.12	6.32	6.15	6.21
"Tid brukt, blant de som utførte aktiviteten (timer og minutter)"	"5 Fritid"	"Kvinner"	"67-74 år"	5.44	7.07	7.45	8.00	8.09	8.06
"Tid brukt, blant de som utførte aktiviteten (timer og minutter)"	"5 Fritid"	"Menn"	"16-74 år"	5.29	6.12	6.26	6.32	6.21	6.33
"Tid brukt, blant de som utførte aktiviteten (timer og minutter)"	"5 Fritid"	"Menn"	"16-24 år"	6.08	7.12	7.11	7.20	7.41	7.26
"Tid brukt, blant de som utførte aktiviteten (timer og minutter)"	"5 Fritid"	"Menn"	"25-44 år"	5.17	5.42	6.01	5.47	5.25	6.07
"Tid brukt, blant de som utførte aktiviteten (timer og minutter)"	"5 Fritid"	"Menn"	"45-66 år"	5.11	5.55	6.08	6.38	6.20	6.16
"Tid brukt, blant de som utførte aktiviteten (timer og minutter)"	"5 Fritid"	"Menn"	"67-74 år"	6.25	7.24	7.57	8.31	8.17	7.37
"Tid brukt, blant de som utførte aktiviteten (timer og minutter)"	"9 Annet, uoppgitt"	"Begge kjønn"	"16-74 år"	3.14	0.42	0.50	0.42	0.36	1.22
"Tid brukt, blant de som utførte aktiviteten (timer og minutter)"	"9 Annet, uoppgitt"	"Begge kjønn"	"16-24 år"	3.55	0.38	0.31	0.44	0.39	1.21
"Tid brukt, blant de som utførte aktiviteten (timer og minutter)"	"9 Annet, uoppgitt"	"Begge kjønn"	"25-44 år"	2.28	0.39	0.53	0.40	0.29	1.16
"Tid brukt, blant de som utførte aktiviteten (timer og minutter)"	"9 Annet, uoppgitt"	"Begge kjønn"	"45-66 år"	3.34	0.50	0.43	0.45	0.35	1.28
"Tid brukt, blant de som utførte aktiviteten (timer og minutter)"	"9 Annet, uoppgitt"	"Begge kjønn"	"67-74 år"	3.16	0.39	1.51	0.39	1.07	1.22
"Tid brukt, blant de som utførte aktiviteten (timer og minutter)"	"9 Annet, uoppgitt"	"Kvinner"	"16-74 år"	2.50	0.41	0.51	0.37	0.32	1.06
"Tid brukt, blant de som utførte aktiviteten (timer og minutter)"	"9 Annet, uoppgitt"	"Kvinner"	"16-24 år"	2.22	0.29	0.27	0.33	0.21	1.09
"Tid brukt, blant de som utførte aktiviteten (timer og minutter)"	"9 Annet, uoppgitt"	"Kvinner"	"25-44 år"	2.13	0.40	0.57	0.34	0.26	1.01
"Tid brukt, blant de som utførte aktiviteten (timer og minutter)"	"9 Annet, uoppgitt"	"Kvinner"	"45-66 år"	3.25	0.52	0.38	0.44	0.30	1.06
"Tid brukt, blant de som utførte aktiviteten (timer og minutter)"	"9 Annet, uoppgitt"	"Kvinner"	"67-74 år"	2.39	0.36	2.07	0.36	1.15	1.11
"Tid brukt, blant de som utførte aktiviteten (timer og minutter)"	"9 Annet, uoppgitt"	"Menn"	"16-74 år"	3.50	0.43	0.48	0.47	0.40	1.40
"Tid brukt, blant de som utførte aktiviteten (timer og minutter)"	"9 Annet, uoppgitt"	"Menn"	"16-24 år"	5.15	0.49	0.34	0.54	0.56	1.33
"Tid brukt, blant de som utførte aktiviteten (timer og minutter)"	"9 Annet, uoppgitt"	"Menn"	"25-44 år"	2.58	0.38	0.46	0.46	0.32	1.32
"Tid brukt, blant de som utførte aktiviteten (timer og minutter)"	"9 Annet, uoppgitt"	"Menn"	"45-66 år"	3.45	0.47	0.48	0.45	0.40	1.50
"Tid brukt, blant de som utførte aktiviteten (timer og minutter)"	"9 Annet, uoppgitt"	"Menn"	"67-74 år"	4.18	0.40	1.33	0.42	0.54	1.42
"Andel som utførte aktiviteten (prosent)"	"_A I alt"	"Begge kjønn"	"16-74 år"	100.0	100.0	100.0	100.0	100.0	..
"Andel som utførte aktiviteten (prosent)"	"_A I alt"	"Begge kjønn"	"16-24 år"	100.0	100.0	100.0	100.0	100.0	..
"Andel som utførte aktiviteten (prosent)"	"_A I alt"	"Begge kjønn"	"25-44 år"	100.0	100.0	100.0	100.0	100.0	..
"Andel som utførte aktiviteten (prosent)"	"_A I alt"	"Begge kjønn"	"45-66 år"	100.0	100.0	100.0	100.0	100.0	..
"Andel som utførte aktiviteten (prosent)"	"_A I alt"	"Begge kjønn"	"67-74 år"	100.0	100.0	100.0	100.0	100.0	..
"Andel som utførte aktiviteten (prosent)"	"_A I alt"	"Kvinner"	"16-74 år"	100.0	100.0	100.0	100.0	100.0	..
"Andel som utførte aktiviteten (prosent)"	"_A I alt"	"Kvinner"	"16-24 år"	100.0	100.0	100.0	100.0	100.0	..
"Andel som utførte aktiviteten (prosent)"	"_A I alt"	"Kvinner"	"25-44 år"	100.0	100.0	100.0	100.0	100.0	..
"Andel som utførte aktiviteten (prosent)"	"_A I alt"	"Kvinner"	"45-66 år"	100.0	100.0	100.0	100.0	100.0	..
"Andel som utførte aktiviteten (prosent)"	"_A I alt"	"Kvinner"	"67-74 år"	100.0	100.0	100.0	100.0	100.0	..
"Andel som utførte aktiviteten (prosent)"	"_A I alt"	"Menn"	"16-74 år"	100.0	100.0	100.0	100.0	100.0	..
"Andel som utførte aktiviteten (prosent)"	"_A I alt"	"Menn"	"16-24 år"	100.0	100.0	100.0	100.0	100.0	..
"Andel som utførte aktiviteten (prosent)"	"_A I alt"	"Menn"	"25-44 år"	100.0	100.0	100.0	100.0	100.0	..
"Andel som utførte aktiviteten (prosent)"	"_A I alt"	"Menn"	"45-66 år"	100.0	100.0	100.0	100.0	100.0	..
"Andel som utførte aktiviteten (prosent)"	"_A I alt"	"Menn"	"67-74 år"	100.0	100.0	100.0	100.0	100.0	..
"Andel som utførte aktiviteten (prosent)"	"1 Inntektsgivende arbeid, arbeidsreiser mv."	"Begge kjønn"	"16-74 år"	48.0	46.0	46.0	46.0	44.0	48.4
"Andel som utførte aktiviteten (prosent)"	"1 Inntektsgivende arbeid, arbeidsreiser mv."	"Begge kjønn"	"16-24 år"	43.0	36.0	39.0	38.0	26.0	30.3
"Andel som utførte aktiviteten (prosent)"	"1 Inntektsgivende arbeid, arbeidsreiser mv."	"Begge kjønn"	"25-44 år"	48.0	52.0	54.0	56.0	53.0	57.8
"Andel som utførte aktiviteten (prosent)"	"1 Inntektsgivende arbeid, arbeidsreiser mv."	"Begge kjønn"	"45-66 år"	52.0	51.0	50.0	48.0	50.0	55.0
"Andel som utførte aktiviteten (prosent)"	"1 Inntektsgivende arbeid, arbeidsreiser mv."	"Begge kjønn"	"67-74 år"	31.0	16.0	13.0	8.0	7.0	21.3
"Andel som utførte aktiviteten (prosent)"	"1 Inntektsgivende arbeid, arbeidsreiser mv."	"Kvinner"	"16-74 år"	32.0	37.0	40.0	40.0	39.0	43.4
"Andel som utførte aktiviteten (prosent)"	"1 Inntektsgivende arbeid, arbeidsreiser mv."	"Kvinner"	"16-24 år"	32.0	34.0	36.0	34.0	24.0	25.0
"Andel som utførte aktiviteten (prosent)"	"1 Inntektsgivende arbeid, arbeidsreiser mv."	"Kvinner"	"25-44 år"	31.0	40.0	46.0	49.0	47.0	53.9
"Andel som utførte aktiviteten (prosent)"	"1 Inntektsgivende arbeid, arbeidsreiser mv."	"Kvinner"	"45-66 år"	37.0	41.0	41.0	41.0	46.0	50.2
"Andel som utførte aktiviteten (prosent)"	"1 Inntektsgivende arbeid, arbeidsreiser mv."	"Kvinner"	"67-74 år"	20.0	9.0	8.0	3.0	2.0	14.6
"Andel som utførte aktiviteten (prosent)"	"1 Inntektsgivende arbeid, arbeidsreiser mv."	"Menn"	"16-74 år"	64.0	55.0	54.0	53.0	48.0	53.2
"Andel som utførte aktiviteten (prosent)"	"1 Inntektsgivende arbeid, arbeidsreiser mv."	"Menn"	"16-24 år"	53.0	39.0	42.0	42.0	27.0	35.2
"Andel som utførte aktiviteten (prosent)"	"1 Inntektsgivende arbeid, arbeidsreiser mv."	"Menn"	"25-44 år"	69.0	65.0	63.0	63.0	59.0	61.7
"Andel som utførte aktiviteten (prosent)"	"1 Inntektsgivende arbeid, arbeidsreiser mv."	"Menn"	"45-66 år"	69.0	62.0	58.0	54.0	53.0	59.6
"Andel som utførte aktiviteten (prosent)"	"1 Inntektsgivende arbeid, arbeidsreiser mv."	"Menn"	"67-74 år"	44.0	24.0	17.0	14.0	12.0	28.7
"Andel som utførte aktiviteten (prosent)"	"2 Husholdsarbeid"	"Begge kjønn"	"16-74 år"	89.0	91.0	93.0	95.0	94.0	85.1
"Andel som utførte aktiviteten (prosent)"	"2 Husholdsarbeid"	"Begge kjønn"	"16-24 år"	80.0	85.0	86.0	87.0	83.0	62.8
"Andel som utførte aktiviteten (prosent)"	"2 Husholdsarbeid"	"Begge kjønn"	"25-44 år"	92.0	93.0	95.0	96.0	95.0	89.0
"Andel som utførte aktiviteten (prosent)"	"2 Husholdsarbeid"	"Begge kjønn"	"45-66 år"	90.0	92.0	93.0	96.0	96.0	87.4
"Andel som utførte aktiviteten (prosent)"	"2 Husholdsarbeid"	"Begge kjønn"	"67-74 år"	87.0	95.0	95.0	98.0	98.0	93.1
"Andel som utførte aktiviteten (prosent)"	"2 Husholdsarbeid"	"Kvinner"	"16-74 år"	97.0	97.0	97.0	98.0	97.0	90.7
"Andel som utførte aktiviteten (prosent)"	"2 Husholdsarbeid"	"Kvinner"	"16-24 år"	92.0	91.0	91.0	93.0	88.0	73.8
"Andel som utførte aktiviteten (prosent)"	"2 Husholdsarbeid"	"Kvinner"	"25-44 år"	99.0	99.0	99.0	99.0	99.0	93.3
"Andel som utførte aktiviteten (prosent)"	"2 Husholdsarbeid"	"Kvinner"	"45-66 år"	98.0	99.0	99.0	98.0	99.0	92.5
"Andel som utførte aktiviteten (prosent)"	"2 Husholdsarbeid"	"Kvinner"	"67-74 år"	97.0	100.0	99.0	99.0	100.0	96.8
"Andel som utførte aktiviteten (prosent)"	"2 Husholdsarbeid"	"Menn"	"16-74 år"	79.0	85.0	88.0	92.0	91.0	79.6
"Andel som utførte aktiviteten (prosent)"	"2 Husholdsarbeid"	"Menn"	"16-24 år"	69.0	78.0	80.0	81.0	78.0	52.9
"Andel som utførte aktiviteten (prosent)"	"2 Husholdsarbeid"	"Menn"	"25-44 år"	83.0	88.0	91.0	93.0	92.0	84.7
"Andel som utførte aktiviteten (prosent)"	"2 Husholdsarbeid"	"Menn"	"45-66 år"	81.0	84.0	88.0	94.0	94.0	82.6
"Andel som utførte aktiviteten (prosent)"	"2 Husholdsarbeid"	"Menn"	"67-74 år"	75.0	89.0	91.0	98.0	97.0	89.0
"Andel som utførte aktiviteten (prosent)"	"3 Utdanning"	"Begge kjønn"	"16-74 år"	6.0	10.0	10.0	7.0	8.0	11.8
"Andel som utførte aktiviteten (prosent)"	"3 Utdanning"	"Begge kjønn"	"16-24 år"	26.0	34.0	29.0	27.0	37.0	45.9
"Andel som utførte aktiviteten (prosent)"	"3 Utdanning"	"Begge kjønn"	"25-44 år"	4.0	5.0	7.0	6.0	5.0	9.3
"Andel som utførte aktiviteten (prosent)"	"3 Utdanning"	"Begge kjønn"	"45-66 år"	2.0	3.0	3.0	2.0	1.0	4.3
"Andel som utførte aktiviteten (prosent)"	"3 Utdanning"	"Begge kjønn"	"67-74 år"	0.0	1.0	1.0	1.0	0.0	1.8
"Andel som utførte aktiviteten (prosent)"	"3 Utdanning"	"Kvinner"	"16-74 år"	6.0	10.0	10.0	9.0	9.0	14.0
"Andel som utførte aktiviteten (prosent)"	"3 Utdanning"	"Kvinner"	"16-24 år"	27.0	35.0	31.0	31.0	38.0	51.5
"Andel som utførte aktiviteten (prosent)"	"3 Utdanning"	"Kvinner"	"25-44 år"	3.0	5.0	6.0	7.0	5.0	11.9
"Andel som utførte aktiviteten (prosent)"	"3 Utdanning"	"Kvinner"	"45-66 år"	1.0	4.0	3.0	2.0	2.0	6.0
"Andel som utførte aktiviteten (prosent)"	"3 Utdanning"	"Kvinner"	"67-74 år"	0.0	1.0	1.0	0.0	0.0	2.2
"Andel som utførte aktiviteten (prosent)"	"3 Utdanning"	"Menn"	"16-74 år"	7.0	10.0	9.0	6.0	8.0	9.7
"Andel som utførte aktiviteten (prosent)"	"3 Utdanning"	"Menn"	"16-24 år"	25.0	33.0	27.0	24.0	36.0	40.8
"Andel som utførte aktiviteten (prosent)"	"3 Utdanning"	"Menn"	"25-44 år"	6.0	5.0	7.0	4.0	5.0	6.7
"Andel som utførte aktiviteten (prosent)"	"3 Utdanning"	"Menn"	"45-66 år"	2.0	2.0	4.0	1.0	1.0	2.7
"Andel som utførte aktiviteten (prosent)"	"3 Utdanning"	"Menn"	"67-74 år"	0.0	2.0	1.0	1.0	0.0	1.4
"Andel som utførte aktiviteten (prosent)"	"4 Personlige behov"	"Begge kjønn"	"16-74 år"	99.0	100.0	100.0	100.0	100.0	99.9
"Andel som utførte aktiviteten (prosent)"	"4 Personlige behov"	"Begge kjønn"	"16-24 år"	99.0	100.0	100.0	100.0	100.0	100.0
"Andel som utførte aktiviteten (prosent)"	"4 Personlige behov"	"Begge kjønn"	"25-44 år"	100.0	100.0	100.0	100.0	100.0	99.7
"Andel som utførte aktiviteten (prosent)"	"4 Personlige behov"	"Begge kjønn"	"45-66 år"	99.0	100.0	100.0	100.0	100.0	99.9
"Andel som utførte aktiviteten (prosent)"	"4 Personlige behov"	"Begge kjønn"	"67-74 år"	100.0	100.0	99.0	100.0	100.0	100.0
"Andel som utførte aktiviteten (prosent)"	"4 Personlige behov"	"Kvinner"	"16-74 år"	99.0	100.0	100.0	100.0	100.0	100.0
"Andel som utførte aktiviteten (prosent)"	"4 Personlige behov"	"Kvinner"	"16-24 år"	99.0	100.0	100.0	100.0	100.0	100.0
"Andel som utførte aktiviteten (prosent)"	"4 Personlige behov"	"Kvinner"	"25-44 år"	100.0	100.0	100.0	100.0	100.0	99.9
"Andel som utførte aktiviteten (prosent)"	"4 Personlige behov"	"Kvinner"	"45-66 år"	99.0	100.0	100.0	100.0	100.0	100.0
"Andel som utførte aktiviteten (prosent)"	"4 Personlige behov"	"Kvinner"	"67-74 år"	100.0	100.0	99.0	100.0	100.0	100.0
"Andel som utførte aktiviteten (prosent)"	"4 Personlige behov"	"Menn"	"16-74 år"	99.0	100.0	100.0	100.0	100.0	99.8
"Andel som utførte aktiviteten (prosent)"	"4 Personlige behov"	"Menn"	"16-24 år"	99.0	100.0	100.0	100.0	100.0	100.0
"Andel som utførte aktiviteten (prosent)"	"4 Personlige behov"	"Menn"	"25-44 år"	100.0	100.0	100.0	100.0	100.0	99.6
"Andel som utførte aktiviteten (prosent)"	"4 Personlige behov"	"Menn"	"45-66 år"	99.0	100.0	100.0	100.0	100.0	99.9
"Andel som utførte aktiviteten (prosent)"	"4 Personlige behov"	"Menn"	"67-74 år"	99.0	100.0	100.0	100.0	100.0	100.0
"Andel som utførte aktiviteten (prosent)"	"5 Fritid"	"Begge kjønn"	"16-74 år"	98.0	99.0	99.0	99.0	99.0	96.6
"Andel som utførte aktiviteten (prosent)"	"5 Fritid"	"Begge kjønn"	"16-24 år"	98.0	99.0	99.0	98.0	99.0	96.5
"Andel som utførte aktiviteten (prosent)"	"5 Fritid"	"Begge kjønn"	"25-44 år"	98.0	99.0	99.0	99.0	99.0	95.1
"Andel som utførte aktiviteten (prosent)"	"5 Fritid"	"Begge kjønn"	"45-66 år"	97.0	99.0	99.0	100.0	100.0	97.3
"Andel som utførte aktiviteten (prosent)"	"5 Fritid"	"Begge kjønn"	"67-74 år"	98.0	100.0	99.0	100.0	100.0	98.8
"Andel som utførte aktiviteten (prosent)"	"5 Fritid"	"Kvinner"	"16-74 år"	98.0	100.0	99.0	100.0	100.0	97.3
"Andel som utførte aktiviteten (prosent)"	"5 Fritid"	"Kvinner"	"16-24 år"	98.0	100.0	100.0	99.0	100.0	96.6
"Andel som utførte aktiviteten (prosent)"	"5 Fritid"	"Kvinner"	"25-44 år"	99.0	99.0	99.0	100.0	100.0	95.5
"Andel som utførte aktiviteten (prosent)"	"5 Fritid"	"Kvinner"	"45-66 år"	98.0	100.0	100.0	99.0	100.0	98.5
"Andel som utførte aktiviteten (prosent)"	"5 Fritid"	"Kvinner"	"67-74 år"	98.0	100.0	99.0	100.0	100.0	99.6
"Andel som utførte aktiviteten (prosent)"	"5 Fritid"	"Menn"	"16-74 år"	98.0	99.0	99.0	99.0	99.0	95.9
"Andel som utførte aktiviteten (prosent)"	"5 Fritid"	"Menn"	"16-24 år"	98.0	99.0	99.0	98.0	99.0	96.5
"Andel som utførte aktiviteten (prosent)"	"5 Fritid"	"Menn"	"25-44 år"	98.0	99.0	98.0	99.0	99.0	94.6
"Andel som utførte aktiviteten (prosent)"	"5 Fritid"	"Menn"	"45-66 år"	97.0	99.0	99.0	100.0	99.0	96.2
"Andel som utførte aktiviteten (prosent)"	"5 Fritid"	"Menn"	"67-74 år"	97.0	99.0	100.0	100.0	100.0	97.9
"Andel som utførte aktiviteten (prosent)"	"9 Annet, uoppgitt"	"Begge kjønn"	"16-74 år"	8.0	11.0	13.0	18.0	15.0	12.2
"Andel som utførte aktiviteten (prosent)"	"9 Annet, uoppgitt"	"Begge kjønn"	"16-24 år"	5.0	15.0	15.0	17.0	14.0	9.8
"Andel som utførte aktiviteten (prosent)"	"9 Annet, uoppgitt"	"Begge kjønn"	"25-44 år"	6.0	10.0	11.0	18.0	15.0	11.5
"Andel som utførte aktiviteten (prosent)"	"9 Annet, uoppgitt"	"Begge kjønn"	"45-66 år"	9.0	10.0	12.0	17.0	15.0	11.7
"Andel som utførte aktiviteten (prosent)"	"9 Annet, uoppgitt"	"Begge kjønn"	"67-74 år"	15.0	10.0	12.0	22.0	16.0	18.5
"Andel som utførte aktiviteten (prosent)"	"9 Annet, uoppgitt"	"Kvinner"	"16-74 år"	9.0	10.0	13.0	18.0	16.0	13.0
"Andel som utførte aktiviteten (prosent)"	"9 Annet, uoppgitt"	"Kvinner"	"16-24 år"	5.0	15.0	15.0	17.0	14.0	9.8
"Andel som utførte aktiviteten (prosent)"	"9 Annet, uoppgitt"	"Kvinner"	"25-44 år"	8.0	10.0	12.0	18.0	16.0	11.8
"Andel som utførte aktiviteten (prosent)"	"9 Annet, uoppgitt"	"Kvinner"	"45-66 år"	10.0	10.0	12.0	17.0	17.0	12.0
"Andel som utførte aktiviteten (prosent)"	"9 Annet, uoppgitt"	"Kvinner"	"67-74 år"	17.0	6.0	13.0	21.0	18.0	23.0
"Andel som utførte aktiviteten (prosent)"	"9 Annet, uoppgitt"	"Menn"	"16-74 år"	7.0	11.0	13.0	18.0	14.0	11.3
"Andel som utførte aktiviteten (prosent)"	"9 Annet, uoppgitt"	"Menn"	"16-24 år"	5.0	14.0	16.0	17.0	14.0	9.8
"Andel som utførte aktiviteten (prosent)"	"9 Annet, uoppgitt"	"Menn"	"25-44 år"	4.0	11.0	11.0	18.0	15.0	11.2
"Andel som utførte aktiviteten (prosent)"	"9 Annet, uoppgitt"	"Menn"	"45-66 år"	8.0	10.0	13.0	17.0	13.0	11.4
"Andel som utførte aktiviteten (prosent)"	"9 Annet, uoppgitt"	"Menn"	"67-74 år"	12.0	14.0	11.0	22.0	13.0	13.6
"Antall svar"	"_A I alt"	"Begge kjønn"	"16-74 år"	..	..	..	..	..	5096
"Antall svar"	"_A I alt"	"Begge kjønn"	"16-24 år"	..	..	..	..	..	705
"Antall svar"	"_A I alt"	"Begge kjønn"	"25-44 år"	..	..	..	..	..	1898
"Antall svar"	"_A I alt"	"Begge kjønn"	"45-66 år"	..	..	..	..	..	2026
"Antall svar"	"_A I alt"	"Begge kjønn"	"67-74 år"	..	..	..	..	..	467
"Antall svar"	"_A I alt"	"Kvinner"	"16-74 år"	..	..	..	..	..	2586
"Antall svar"	"_A I alt"	"Kvinner"	"16-24 år"	..	..	..	..	..	346
"Antall svar"	"_A I alt"	"Kvinner"	"25-44 år"	..	..	..	..	..	1051
"Antall svar"	"_A I alt"	"Kvinner"	"45-66 år"	..	..	..	..	..	987
"Antall svar"	"_A I alt"	"Kvinner"	"67-74 år"	..	..	..	..	..	202
"Antall svar"	"_A I alt"	"Menn"	"16-74 år"	..	..	..	..	..	2510
"Antall svar"	"_A I alt"	"Menn"	"16-24 år"	..	..	..	..	..	359
"Antall svar"	"_A I alt"	"Menn"	"25-44 år"	..	..	..	..	..	847
"Antall svar"	"_A I alt"	"Menn"	"45-66 år"	..	..	..	..	..	1039
"Antall svar"	"_A I alt"	"Menn"	"67-74 år"	..	..	..	..	..	265
"Antall svar"	"1 Inntektsgivende arbeid, arbeidsreiser mv."	"Begge kjønn"	"16-74 år"	..	..	..	..	..	2606
"Antall svar"	"1 Inntektsgivende arbeid, arbeidsreiser mv."	"Begge kjønn"	"16-24 år"	..	..	..	..	..	234
"Antall svar"	"1 Inntektsgivende arbeid, arbeidsreiser mv."	"Begge kjønn"	"25-44 år"	..	..	..	..	..	1099
"Antall svar"	"1 Inntektsgivende arbeid, arbeidsreiser mv."	"Begge kjønn"	"45-66 år"	..	..	..	..	..	1162
"Antall svar"	"1 Inntektsgivende arbeid, arbeidsreiser mv."	"Begge kjønn"	"67-74 år"	..	..	..	..	..	111
"Antall svar"	"1 Inntektsgivende arbeid, arbeidsreiser mv."	"Kvinner"	"16-74 år"	..	..	..	..	..	1244
"Antall svar"	"1 Inntektsgivende arbeid, arbeidsreiser mv."	"Kvinner"	"16-24 år"	..	..	..	..	..	99
"Antall svar"	"1 Inntektsgivende arbeid, arbeidsreiser mv."	"Kvinner"	"25-44 år"	..	..	..	..	..	583
"Antall svar"	"1 Inntektsgivende arbeid, arbeidsreiser mv."	"Kvinner"	"45-66 år"	..	..	..	..	..	530
"Antall svar"	"1 Inntektsgivende arbeid, arbeidsreiser mv."	"Kvinner"	"67-74 år"	..	..	..	..	..	32
"Antall svar"	"1 Inntektsgivende arbeid, arbeidsreiser mv."	"Menn"	"16-74 år"	..	..	..	..	..	1362
"Antall svar"	"1 Inntektsgivende arbeid, arbeidsreiser mv."	"Menn"	"16-24 år"	..	..	..	..	..	135
"Antall svar"	"1 Inntektsgivende arbeid, arbeidsreiser mv."	"Menn"	"25-44 år"	..	..	..	..	..	516
"Antall svar"	"1 Inntektsgivende arbeid, arbeidsreiser mv."	"Menn"	"45-66 år"	..	..	..	..	..	632
"Antall svar"	"1 Inntektsgivende arbeid, arbeidsreiser mv."	"Menn"	"67-74 år"	..	..	..	..	..	79
"Antall svar"	"2 Husholdsarbeid"	"Begge kjønn"	"16-74 år"	..	..	..	..	..	4403
"Antall svar"	"2 Husholdsarbeid"	"Begge kjønn"	"16-24 år"	..	..	..	..	..	472
"Antall svar"	"2 Husholdsarbeid"	"Begge kjønn"	"25-44 år"	..	..	..	..	..	1699
"Antall svar"	"2 Husholdsarbeid"	"Begge kjønn"	"45-66 år"	..	..	..	..	..	1802
"Antall svar"	"2 Husholdsarbeid"	"Begge kjønn"	"67-74 år"	..	..	..	..	..	430
"Antall svar"	"2 Husholdsarbeid"	"Kvinner"	"16-74 år"	..	..	..	..	..	2354
"Antall svar"	"2 Husholdsarbeid"	"Kvinner"	"16-24 år"	..	..	..	..	..	264
"Antall svar"	"2 Husholdsarbeid"	"Kvinner"	"25-44 år"	..	..	..	..	..	974
"Antall svar"	"2 Husholdsarbeid"	"Kvinner"	"45-66 år"	..	..	..	..	..	920
"Antall svar"	"2 Husholdsarbeid"	"Kvinner"	"67-74 år"	..	..	..	..	..	196
"Antall svar"	"2 Husholdsarbeid"	"Menn"	"16-74 år"	..	..	..	..	..	2049
"Antall svar"	"2 Husholdsarbeid"	"Menn"	"16-24 år"	..	..	..	..	..	208
"Antall svar"	"2 Husholdsarbeid"	"Menn"	"25-44 år"	..	..	..	..	..	725
"Antall svar"	"2 Husholdsarbeid"	"Menn"	"45-66 år"	..	..	..	..	..	882
"Antall svar"	"2 Husholdsarbeid"	"Menn"	"67-74 år"	..	..	..	..	..	234
"Antall svar"	"3 Utdanning"	"Begge kjønn"	"16-74 år"	..	..	..	..	..	603
"Antall svar"	"3 Utdanning"	"Begge kjønn"	"16-24 år"	..	..	..	..	..	299
"Antall svar"	"3 Utdanning"	"Begge kjønn"	"25-44 år"	..	..	..	..	..	195
"Antall svar"	"3 Utdanning"	"Begge kjønn"	"45-66 år"	..	..	..	..	..	100
"Antall svar"	"3 Utdanning"	"Begge kjønn"	"67-74 år"	..	..	..	..	..	9
"Antall svar"	"3 Utdanning"	"Kvinner"	"16-74 år"	..	..	..	..	..	362
"Antall svar"	"3 Utdanning"	"Kvinner"	"16-24 år"	..	..	..	..	..	161
"Antall svar"	"3 Utdanning"	"Kvinner"	"25-44 år"	..	..	..	..	..	131
"Antall svar"	"3 Utdanning"	"Kvinner"	"45-66 år"	..	..	..	..	..	66
"Antall svar"	"3 Utdanning"	"Kvinner"	"67-74 år"	..	..	..	..	..	4
"Antall svar"	"3 Utdanning"	"Menn"	"16-74 år"	..	..	..	..	..	241
"Antall svar"	"3 Utdanning"	"Menn"	"16-24 år"	..	..	..	..	..	138
"Antall svar"	"3 Utdanning"	"Menn"	"25-44 år"	..	..	..	..	..	64
"Antall svar"	"3 Utdanning"	"Menn"	"45-66 år"	..	..	..	..	..	34
"Antall svar"	"3 Utdanning"	"Menn"	"67-74 år"	..	..	..	..	..	5
"Antall svar"	"4 Personlige behov"	"Begge kjønn"	"16-74 år"	..	..	..	..	..	5092
"Antall svar"	"4 Personlige behov"	"Begge kjønn"	"16-24 år"	..	..	..	..	..	705
"Antall svar"	"4 Personlige behov"	"Begge kjønn"	"25-44 år"	..	..	..	..	..	1895
"Antall svar"	"4 Personlige behov"	"Begge kjønn"	"45-66 år"	..	..	..	..	..	2025
"Antall svar"	"4 Personlige behov"	"Begge kjønn"	"67-74 år"	..	..	..	..	..	467
"Antall svar"	"4 Personlige behov"	"Kvinner"	"16-74 år"	..	..	..	..	..	2585
"Antall svar"	"4 Personlige behov"	"Kvinner"	"16-24 år"	..	..	..	..	..	346
"Antall svar"	"4 Personlige behov"	"Kvinner"	"25-44 år"	..	..	..	..	..	1050
"Antall svar"	"4 Personlige behov"	"Kvinner"	"45-66 år"	..	..	..	..	..	987
"Antall svar"	"4 Personlige behov"	"Kvinner"	"67-74 år"	..	..	..	..	..	202
"Antall svar"	"4 Personlige behov"	"Menn"	"16-74 år"	..	..	..	..	..	2507
"Antall svar"	"4 Personlige behov"	"Menn"	"16-24 år"	..	..	..	..	..	359
"Antall svar"	"4 Personlige behov"	"Menn"	"25-44 år"	..	..	..	..	..	845
"Antall svar"	"4 Personlige behov"	"Menn"	"45-66 år"	..	..	..	..	..	1038
"Antall svar"	"4 Personlige behov"	"Menn"	"67-74 år"	..	..	..	..	..	265
"Antall svar"	"5 Fritid"	"Begge kjønn"	"16-74 år"	..	..	..	..	..	4930
"Antall svar"	"5 Fritid"	"Begge kjønn"	"16-24 år"	..	..	..	..	..	682
"Antall svar"	"5 Fritid"	"Begge kjønn"	"25-44 år"	..	..	..	..	..	1815
"Antall svar"	"5 Fritid"	"Begge kjønn"	"45-66 år"	..	..	..	..	..	1972
"Antall svar"	"5 Fritid"	"Begge kjønn"	"67-74 år"	..	..	..	..	..	461
"Antall svar"	"5 Fritid"	"Kvinner"	"16-74 år"	..	..	..	..	..	2518
"Antall svar"	"5 Fritid"	"Kvinner"	"16-24 år"	..	..	..	..	..	337
"Antall svar"	"5 Fritid"	"Kvinner"	"25-44 år"	..	..	..	..	..	1009
"Antall svar"	"5 Fritid"	"Kvinner"	"45-66 år"	..	..	..	..	..	971
"Antall svar"	"5 Fritid"	"Kvinner"	"67-74 år"	..	..	..	..	..	201
"Antall svar"	"5 Fritid"	"Menn"	"16-74 år"	..	..	..	..	..	2412
"Antall svar"	"5 Fritid"	"Menn"	"16-24 år"	..	..	..	..	..	345
"Antall svar"	"5 Fritid"	"Menn"	"25-44 år"	..	..	..	..	..	806
"Antall svar"	"5 Fritid"	"Menn"	"45-66 år"	..	..	..	..	..	1001
"Antall svar"	"5 Fritid"	"Menn"	"67-74 år"	..	..	..	..	..	260
"Antall svar"	"9 Annet, uoppgitt"	"Begge kjønn"	"16-74 år"	..	..	..	..	..	628
"Antall svar"	"9 Annet, uoppgitt"	"Begge kjønn"	"16-24 år"	..	..	..	..	..	75
"Antall svar"	"9 Annet, uoppgitt"	"Begge kjønn"	"25-44 år"	..	..	..	..	..	220
"Antall svar"	"9 Annet, uoppgitt"	"Begge kjønn"	"45-66 år"	..	..	..	..	..	243
"Antall svar"	"9 Annet, uoppgitt"	"Begge kjønn"	"67-74 år"	..	..	..	..	..	90
"Antall svar"	"9 Annet, uoppgitt"	"Kvinner"	"16-74 år"	..	..	..	..	..	337
"Antall svar"	"9 Annet, uoppgitt"	"Kvinner"	"16-24 år"	..	..	..	..	..	37
"Antall svar"	"9 Annet, uoppgitt"	"Kvinner"	"25-44 år"	..	..	..	..	..	123
"Antall svar"	"9 Annet, uoppgitt"	"Kvinner"	"45-66 år"	..	..	..	..	..	129
"Antall svar"	"9 Annet, uoppgitt"	"Kvinner"	"67-74 år"	..	..	..	..	..	48
"Antall svar"	"9 Annet, uoppgitt"	"Menn"	"16-74 år"	..	..	..	..	..	291
"Antall svar"	"9 Annet, uoppgitt"	"Menn"	"16-24 år"	..	..	..	..	..	38
"Antall svar"	"9 Annet, uoppgitt"	"Menn"	"25-44 år"	..	..	..	..	..	97
"Antall svar"	"9 Annet, uoppgitt"	"Menn"	"45-66 år"	..	..	..	..	..	114
"Antall svar"	"9 Annet, uoppgitt"	"Menn"	"67-74 år"	..	..	..	..	..	42
